k_ep,k_run,t,Policy_Trg_Action,Policy_Flip_Action,mu,sigma,policy,x,y,z,vx,vy,vz,D_perp,Tau,Tau_est,Theta_x,Theta_x_est,Theta_y,Theta_y_est,flip_flag,impact_flag,eul_x,eul_y,eul_z,wx,wy,wz,qx,qy,qz,qw,F_thrust,Mx,My,Mz,x_d.x,x_d.y,x_d.z,v_d.x,v_d.y,v_d.z,a_d.x,a_d.y,a_d.z,Error
# DATA_TYPE: EXP, SAR_SETTINGS: {Policy_Type: PARAM_OPTIM, SAR_Type: Source_One_V5, SAR_Config: Base_Model}, PLANE_SETTINGS: {Plane_Config: Checkerboard_L02}, 
0,0,12.532,0.000,0.000,--,--,--, 0.027, 1.107,-0.024, 0.015, 0.730,-0.014, 2.024, 0.000, 0.000, 0.007, 0.000, 0.359,0.000,False,False,-0.000,-0.000, 0.000,-0.020, 0.010,-0.009,-0.000,-0.000,-0.000, 1.000, 6.323, 0.461,-0.003, 0.010, 0.000, 0.000, 0.400, 0.000, 0.000, 0.000, 0.000, 0.000, 0.000,--
0,0,12.591,0.000,0.000,--,--,--, 0.028, 1.152,-0.025, 0.015, 0.743,-0.014, 2.025, 0.000, 0.000, 0.008, 0.000, 0.364,0.000,False,False,-0.159,-0.000,-0.000,-0.010,-0.010,-0.002,-0.001, 0.000,-0.000, 1.000, 6.326, 0.498,-0.032, 0.005, 0.000, 0.000, 0.400, 0.000, 0.000, 0.000, 0.000, 0.000, 0.000,--
0,0,12.627,0.000,0.000,--,--,--, 0.029, 1.182,-0.025, 0.014, 0.757,-0.015, 2.025, 0.000, 0.000, 0.007, 0.000, 0.373,0.000,False,False,-0.000,-0.000, 0.000, 0.030,-0.040, 0.000,-0.000,-0.000,-0.000, 1.000, 6.326, 0.498,-0.032, 0.005, 0.000, 0.000, 0.400, 0.000, 0.000, 0.000, 0.000, 0.000, 0.000,--
0,0,12.687,0.000,0.000,--,--,--, 0.030, 1.228,-0.026, 0.017, 0.773,-0.016, 2.025, 0.000, 0.000, 0.007, 0.000, 0.373,0.000,False,False,-0.159,-0.000, 0.000,-0.040, 0.030, 0.009,-0.001,-0.000,-0.000, 1.000, 6.329, 0.562,-0.063, 0.004, 0.000, 0.000, 0.400, 0.000, 0.000, 0.000, 0.000, 0.000, 0.000,--
0,0,12.735,0.000,0.000,--,--,--, 0.030, 1.259,-0.027, 0.016, 0.779,-0.015, 2.027, 0.000, 0.000, 0.008, 0.000, 0.383,0.000,False,False,-0.159, 0.159,-0.000,-0.050, 0.050, 0.004,-0.001, 0.001,-0.000, 1.000, 6.329, 0.562,-0.063, 0.004, 0.000, 0.000, 0.400, 0.000, 0.000, 0.000, 0.000, 0.000, 0.000,--
0,0,12.747,0.000,0.000,--,--,--, 0.031, 1.274,-0.027, 0.015, 0.783,-0.016, 2.028, 0.000, 0.000, 0.007, 0.000, 0.389,0.000,False,False,-0.159, 0.159,-0.000,-0.040, 0.030,-0.001,-0.001, 0.001,-0.000, 1.000, 6.328, 0.593,-0.066, 0.001, 0.000, 0.000, 0.400, 0.000, 0.000, 0.000, 0.000, 0.000, 0.000,--
0,0,12.831,0.000,0.000,--,--,--, 0.032, 1.338,-0.029, 0.015, 0.806,-0.017, 2.028, 0.000, 0.000, 0.007, 0.000, 0.395,0.000,False,False,-0.317, 0.159,-0.000, 0.000, 0.000,-0.004,-0.003, 0.001,-0.000, 1.000, 6.328, 0.593,-0.066, 0.001, 0.000, 0.000, 0.400, 0.000, 0.000, 0.000, 0.000, 0.000, 0.000,--
0,0,12.891,0.000,0.000,--,--,--, 0.033, 1.387,-0.030, 0.014, 0.818,-0.017, 2.029, 0.000, 0.000, 0.007, 0.000, 0.401,0.000,False,False,-0.317, 0.159,-0.000,-0.010, 0.000,-0.002,-0.003, 0.001,-0.000, 1.000, 6.329, 0.594,-0.039,-0.004, 0.000, 0.000, 0.400, 0.000, 0.000, 0.000, 0.000, 0.000, 0.000,--
0,0,12.927,0.000,0.000,--,--,--, 0.033, 1.420,-0.030, 0.015, 0.828,-0.017, 2.030, 0.000, 0.000, 0.007, 0.000, 0.407,0.000,False,False,-0.317, 0.159,-0.000, 0.010,-0.020, 0.001,-0.003, 0.001,-0.000, 1.000, 6.329, 0.594,-0.039,-0.004, 0.000, 0.000, 0.400, 0.000, 0.000, 0.000, 0.000, 0.000, 0.000,--
0,0,12.975,0.000,0.000,--,--,--, 0.034, 1.453,-0.031, 0.014, 0.839,-0.017, 2.031, 0.000, 0.000, 0.007, 0.000, 0.410,0.000,False,False,-0.317, 0.159,-0.000, 0.010,-0.020, 0.001,-0.003, 0.001,-0.000, 1.000, 6.329, 0.594,-0.039,-0.004, 0.000, 0.000, 0.400, 0.000, 0.000, 0.000, 0.000, 0.000, 0.000,--
0,0,13.035,0.000,0.000,--,--,--, 0.035, 1.504,-0.032, 0.014, 0.852,-0.018, 2.032, 0.000, 0.000, 0.006, 0.000, 0.417,0.000,False,False,-0.159, 0.159,-0.000, 0.010,-0.020, 0.001,-0.001, 0.001,-0.000, 1.000, 6.329, 0.594,-0.039,-0.004, 0.000, 0.000, 0.400, 0.000, 0.000, 0.000, 0.000, 0.000, 0.000,--
0,0,13.047,0.000,0.000,--,--,--, 0.035, 1.521,-0.033, 0.014, 0.857,-0.018, 2.033, 0.000, 0.000, 0.007, 0.000, 0.424,0.000,False,False,-0.159, 0.159,-0.000, 0.010,-0.020, 0.003,-0.001, 0.001,-0.000, 1.000, 6.336, 0.587, 0.014,-0.003, 0.000, 0.000, 0.400, 0.000, 0.000, 0.000, 0.000, 0.000, 0.000,--
0,0,13.131,0.000,0.000,--,--,--, 0.036, 1.591,-0.034, 0.014, 0.877,-0.019, 2.034, 0.000, 0.000, 0.007, 0.000, 0.428,0.000,False,False,-0.159,-0.000,-0.000, 0.020,-0.030,-0.004,-0.001, 0.000,-0.000, 1.000, 6.336, 0.587, 0.014,-0.003, 0.000, 0.000, 0.400, 0.000, 0.000, 0.000, 0.000, 0.000, 0.000,--
0,0,13.191,0.000,0.000,--,--,--, 0.037, 1.644,-0.035, 0.016, 0.891,-0.019, 2.035, 0.000, 0.000, 0.007, 0.000, 0.435,0.000,False,False,-0.000,-0.000, 0.000,-0.020, 0.020,-0.001,-0.000,-0.000,-0.000, 1.000, 6.341, 0.604, 0.034, 0.000, 0.000, 0.000, 0.400, 0.000, 0.000, 0.000, 0.000, 0.000, 0.000,--
0,0,13.227,0.000,0.000,--,--,--, 0.038, 1.680,-0.036, 0.016, 0.902,-0.020, 2.036, 0.000, 0.000, 0.008, 0.000, 0.443,0.000,False,False,-0.000,-0.000, 0.000,-0.010, 0.010,-0.006,-0.000,-0.000,-0.000, 1.000, 6.341, 0.604, 0.034, 0.000, 0.000, 0.000, 0.400, 0.000, 0.000, 0.000, 0.000, 0.000, 0.000,--
0,0,13.287,0.000,0.000,--,--,--, 0.039, 1.735,-0.037, 0.016, 0.917,-0.019, 2.037, 0.000, 0.000, 0.007, 0.000, 0.445,0.000,False,False,-0.000,-0.000, 0.000, 0.000,-0.020, 0.007,-0.000,-0.000,-0.000, 1.000, 6.341, 0.604, 0.034, 0.000, 0.000, 0.000, 0.400, 0.000, 0.000, 0.000, 0.000, 0.000, 0.000,--
0,0,13.335,0.000,0.000,--,--,--, 0.040, 1.772,-0.038, 0.016, 0.925,-0.019, 2.038, 0.000, 0.000, 0.008, 0.000, 0.452,0.000,False,False,-0.000,-0.000, 0.000, 0.000,-0.010, 0.000,-0.000,-0.000,-0.000, 1.000, 6.341, 0.604, 0.034, 0.000, 0.000, 0.000, 0.400, 0.000, 0.000, 0.000, 0.000, 0.000, 0.000,--
0,0,13.371,0.000,0.000,--,--,--, 0.040, 1.809,-0.039, 0.017, 0.934,-0.019, 2.039, 0.000, 0.000, 0.008, 0.000, 0.458,0.000,False,False,-0.000,-0.000, 0.000, 0.000, 0.000, 0.000,-0.000,-0.000,-0.000, 1.000, 6.341, 0.604, 0.034, 0.000, 0.000, 0.000, 0.400, 0.000, 0.000, 0.000, 0.000, 0.000, 0.000,--
0,0,13.431,0.000,0.000,--,--,--, 0.041, 1.865,-0.040, 0.016, 0.950,-0.019, 2.040, 0.000, 0.000, 0.008, 0.000, 0.463,0.000,False,False,-0.000,-0.000, 0.000, 0.010,-0.020,-0.005,-0.000,-0.000,-0.000, 1.000, 6.341, 0.604, 0.034, 0.000, 0.000, 0.000, 0.400, 0.000, 0.000, 0.000, 0.000, 0.000, 0.000,--
0,0,13.491,0.000,0.000,--,--,--, 0.042, 1.923,-0.041, 0.017, 0.966,-0.019, 2.041, 0.000, 0.000, 0.008, 0.000, 0.471,0.000,False,False,-0.000,-0.000, 0.000,-0.020, 0.010,-0.004,-0.000,-0.000,-0.000, 1.000, 6.349, 0.747,-0.038, 0.001, 0.000, 0.000, 0.400, 0.000, 0.000, 0.000, 0.000, 0.000, 0.000,--
0,0,13.527,0.000,0.000,--,--,--, 0.043, 1.962,-0.042, 0.016, 0.974,-0.019, 2.042, 0.000, 0.000, 0.008, 0.000, 0.476,0.000,False,False,-0.159,-0.000,-0.000,-0.020, 0.010, 0.004,-0.001, 0.000,-0.000, 1.000, 6.349, 0.747,-0.038, 0.001, 0.000, 0.000, 0.400, 0.000, 0.000, 0.000, 0.000, 0.000, 0.000,--
0,0,13.587,0.000,0.000,--,--,--, 0.044, 2.022,-0.043, 0.017, 0.989,-0.020, 2.042, 0.000, 0.000, 0.008, 0.000, 0.479,0.000,False,False,-0.159,-0.000,-0.000, 0.010,-0.030, 0.002,-0.001, 0.000,-0.000, 1.000, 6.349, 0.747,-0.038, 0.001, 0.000, 0.000, 0.400, 0.000, 0.000, 0.000, 0.000, 0.000, 0.000,--
0,0,13.635,0.000,0.000,--,--,--, 0.045, 2.061,-0.044, 0.017, 1.000,-0.021, 2.044, 0.000, 0.000, 0.008, 0.000, 0.486,0.000,False,False,-0.000,-0.000, 0.000, 0.020,-0.020, 0.000,-0.000,-0.000,-0.000, 1.000, 6.349, 0.747,-0.038, 0.001, 0.000, 0.000, 0.400, 0.000, 0.000, 0.000, 0.000, 0.000, 0.000,--
0,0,13.671,0.000,0.000,--,--,--, 0.045, 2.091,-0.045, 0.016, 1.007,-0.020, 2.045, 0.000, 0.000, 0.008, 0.000, 0.493,0.000,False,False,-0.000,-0.000, 0.000, 0.000,-0.020, 0.001,-0.000,-0.000,-0.000, 1.000, 6.349, 0.747,-0.038, 0.001, 0.000, 0.000, 0.400, 0.000, 0.000, 0.000, 0.000, 0.000, 0.000,--
0,0,13.731,0.000,0.000,--,--,--, 0.046, 2.152,-0.046, 0.018, 1.021,-0.021, 2.046, 0.000, 0.000, 0.008, 0.000, 0.497,0.000,False,False,-0.000,-0.000, 0.000,-0.010, 0.010,-0.003,-0.000,-0.000,-0.000, 1.000, 6.349, 0.747,-0.038, 0.001, 0.000, 0.000, 0.400, 0.000, 0.000, 0.000, 0.000, 0.000, 0.000,--
0,0,13.791,0.000,0.000,--,--,--, 0.047, 2.214,-0.047, 0.017, 1.035,-0.021, 2.047, 0.000, 0.000, 0.008, 0.000, 0.504,0.000,False,False,-0.000,-0.000, 0.000, 0.000,-0.010, 0.001,-0.000,-0.000,-0.000, 1.000, 6.355, 0.820,-0.010, 0.000, 0.000, 0.000, 0.400, 0.000, 0.000, 0.000, 0.000, 0.000, 0.000,--
0,0,13.827,0.000,0.000,--,--,--, 0.048, 2.256,-0.048, 0.017, 1.044,-0.021, 2.048, 0.000, 0.000, 0.008, 0.000, 0.510,0.000,False,False,-0.000,-0.000, 0.000, 0.000,-0.010,-0.002,-0.000,-0.000,-0.000, 1.000, 6.355, 0.820,-0.010, 0.000, 0.000, 0.000, 0.400, 0.000, 0.000, 0.000, 0.000, 0.000, 0.000,--
0,0,13.887,0.000,0.000,--,--,--, 0.049, 2.319,-0.049, 0.017, 1.058,-0.022, 2.049, 0.000, 0.000, 0.008, 0.000, 0.513,0.000,False,False,-0.000,-0.000, 0.000, 0.010,-0.020, 0.002,-0.000,-0.000,-0.000, 1.000, 6.355, 0.820,-0.010, 0.000, 0.000, 0.000, 0.400, 0.000, 0.000, 0.000, 0.000, 0.000, 0.000,--
0,0,13.935,0.000,0.000,--,--,--, 0.050, 2.361,-0.050, 0.018, 1.069,-0.022, 2.050, 0.000, 0.000, 0.009, 0.000, 0.520,0.000,False,False,-0.000,-0.000, 0.000,-0.020, 0.010, 0.001,-0.000,-0.000,-0.000, 1.000, 6.355, 0.820,-0.010, 0.000, 0.000, 0.000, 0.400, 0.000, 0.000, 0.000, 0.000, 0.000, 0.000,--
0,0,13.971,0.000,0.000,--,--,--, 0.051, 2.404,-0.051, 0.017, 1.077,-0.023, 2.052, 0.000, 0.000, 0.008, 0.000, 0.526,0.000,False,False,-0.000,-0.000, 0.000,-0.030, 0.010,-0.003,-0.000,-0.000,-0.000, 1.000, 6.355, 0.820,-0.010, 0.000, 0.000, 0.000, 0.400, 0.000, 0.000, 0.000, 0.000, 0.000, 0.000,--
0,0,14.031,0.000,0.000,--,--,--, 0.052, 2.469,-0.053, 0.016, 1.093,-0.021, 2.052, 0.000, 0.000, 0.007, 0.000, 0.531,0.000,False,False,-0.159,-0.000,-0.000, 0.010,-0.020,-0.006,-0.001, 0.000,-0.000, 1.000, 6.355, 0.820,-0.010, 0.000, 0.000, 0.000, 0.400, 0.000, 0.000, 0.000, 0.000, 0.000, 0.000,--
0,0,14.091,0.000,0.000,--,--,--, 0.053, 2.535,-0.054, 0.016, 1.107,-0.022, 2.054, 0.000, 0.000, 0.008, 0.000, 0.537,0.000,False,False,-0.000,-0.000, 0.000, 0.010,-0.020,-0.003,-0.000,-0.000,-0.000, 1.000, 6.364, 0.871, 0.018,-0.001, 0.000, 0.000, 0.400, 0.000, 0.000, 0.000, 0.000, 0.000, 0.000,--
0,0,14.127,0.000,0.000,--,--,--, 0.053, 2.581,-0.055, 0.015, 1.114,-0.021, 2.055, 0.000, 0.000, 0.007, 0.000, 0.543,0.000,False,False,-0.000,-0.000, 0.000,-0.010, 0.000,-0.005,-0.000,-0.000,-0.000, 1.000, 6.364, 0.871, 0.018,-0.001, 0.000, 0.000, 0.400, 0.000, 0.000, 0.000, 0.000, 0.000, 0.000,--
0,0,14.187,0.000,0.000,--,--,--, 0.054, 2.648,-0.056, 0.016, 1.129,-0.022, 2.055, 0.000, 0.000, 0.007, 0.000, 0.545,0.000,False,False,-0.000,-0.000, 0.000, 0.000,-0.020, 0.003,-0.000,-0.000,-0.000, 1.000, 6.364, 0.871, 0.018,-0.001, 0.000, 0.000, 0.400, 0.000, 0.000, 0.000, 0.000, 0.000, 0.000,--
0,0,14.235,0.000,0.000,--,--,--, 0.055, 2.694,-0.057, 0.017, 1.140,-0.022, 2.057, 0.000, 0.000, 0.008, 0.000, 0.553,0.000,False,False,-0.000,-0.000, 0.000,-0.020, 0.000, 0.002,-0.000,-0.000,-0.000, 1.000, 6.364, 0.871, 0.018,-0.001, 0.000, 0.000, 0.400, 0.000, 0.000, 0.000, 0.000, 0.000, 0.000,--
0,0,14.271,0.000,0.000,--,--,--, 0.056, 2.739,-0.058, 0.016, 1.148,-0.022, 2.058, 0.000, 0.000, 0.007, 0.000, 0.558,0.000,False,False,-0.000,-0.000, 0.000,-0.020, 0.010, 0.000,-0.000,-0.000,-0.000, 1.000, 6.364, 0.871, 0.018,-0.001, 0.000, 0.000, 0.400, 0.000, 0.000, 0.000, 0.000, 0.000, 0.000,--
0,0,14.331,0.000,0.000,--,--,--, 0.057, 2.809,-0.059, 0.015, 1.161,-0.021, 2.059, 0.000, 0.000, 0.007, 0.000, 0.562,0.000,False,False,-0.159,-0.000,-0.000, 0.000,-0.020, 0.000,-0.001, 0.000,-0.000, 1.000, 6.364, 0.871, 0.018,-0.001, 0.000, 0.000, 0.400, 0.000, 0.000, 0.000, 0.000, 0.000, 0.000,--
0,0,14.391,0.000,0.000,--,--,--, 0.058, 2.879,-0.061, 0.014, 1.177,-0.021, 2.060, 0.000, 0.000, 0.007, 0.000, 0.570,0.000,False,False,-0.000,-0.000, 0.000, 0.020,-0.030, 0.002,-0.000,-0.000,-0.000, 1.000, 6.371, 0.962, 0.011, 0.006, 0.000, 0.000, 0.400, 0.000, 0.000, 0.000, 0.000, 0.000, 0.000,--
0,0,14.427,0.000,0.000,--,--,--, 0.058, 2.926,-0.061, 0.014, 1.187,-0.021, 2.062, 0.000, 0.000, 0.007, 0.000, 0.577,0.000,False,False,-0.000,-0.159, 0.000,-0.010, 0.000,-0.003,-0.000,-0.001,-0.000, 1.000, 6.371, 0.962, 0.011, 0.006, 0.000, 0.000, 0.400, 0.000, 0.000, 0.000, 0.000, 0.000, 0.000,--
0,0,14.487,0.000,0.000,--,--,--, 0.059, 2.998,-0.063, 0.015, 1.200,-0.022, 2.062, 0.000, 0.000, 0.007, 0.000, 0.579,0.000,False,False,-0.000,-0.000, 0.000,-0.020, 0.000, 0.000,-0.000,-0.000,-0.000, 1.000, 6.371, 0.962, 0.011, 0.006, 0.000, 0.000, 0.400, 0.000, 0.000, 0.000, 0.000, 0.000, 0.000,--
0,0,14.535,0.000,0.000,--,--,--, 0.060, 3.046,-0.064, 0.014, 1.210,-0.022, 2.063, 0.000, 0.000, 0.006, 0.000, 0.585,0.000,False,False,-0.159,-0.000, 0.000,-0.010,-0.010, 0.002,-0.001,-0.000,-0.000, 1.000, 6.371, 0.962, 0.011, 0.006, 0.000, 0.000, 0.400, 0.000, 0.000, 0.000, 0.000, 0.000, 0.000,--
0,0,14.571,0.000,0.000,--,--,--, 0.060, 3.095,-0.065, 0.012, 1.220,-0.022, 2.065, 0.000, 0.000, 0.006, 0.000, 0.592,0.000,False,False,-0.000,-0.000, 0.000, 0.000,-0.020, 0.000,-0.000,-0.000,-0.000, 1.000, 6.371, 0.962, 0.011, 0.006, 0.000, 0.000, 0.400, 0.000, 0.000, 0.000, 0.000, 0.000, 0.000,--
0,0,14.631,0.000,0.000,--,--,--, 0.061, 3.170,-0.066, 0.011, 1.233,-0.022, 2.066, 0.000, 0.000, 0.005, 0.000, 0.595,0.000,False,False,-0.000,-0.000, 0.000, 0.000,-0.020, 0.002,-0.000,-0.000,-0.000, 1.000, 6.371, 0.962, 0.011, 0.006, 0.000, 0.000, 0.400, 0.000, 0.000, 0.000, 0.000, 0.000, 0.000,--
0,0,14.691,0.000,0.000,--,--,--, 0.062, 3.244,-0.067, 0.010, 1.246,-0.023, 2.067, 0.000, 0.000, 0.005, 0.000, 0.601,0.000,False,False,-0.000,-0.159, 0.000, 0.000, 0.000, 0.001,-0.000,-0.001,-0.000, 1.000, 6.380, 1.085,-0.006, 0.003, 0.000, 0.000, 0.400, 0.000, 0.000, 0.000, 0.000, 0.000, 0.000,--
0,0,14.727,0.000,0.000,--,--,--, 0.062, 3.294,-0.068, 0.010, 1.258,-0.023, 2.068, 0.000, 0.000, 0.004, 0.000, 0.609,0.000,False,False,-0.000,-0.159, 0.000,-0.010, 0.000,-0.001,-0.000,-0.001,-0.000, 1.000, 6.380, 1.085,-0.006, 0.003, 0.000, 0.000, 0.400, 0.000, 0.000, 0.000, 0.000, 0.000, 0.000,--
0,0,14.787,0.000,0.000,--,--,--, 0.063, 3.370,-0.070, 0.009, 1.273,-0.023, 2.069, 0.000, 0.000, 0.004, 0.000, 0.612,0.000,False,False,-0.000,-0.159, 0.000,-0.020, 0.000, 0.007,-0.000,-0.001,-0.000, 1.000, 6.380, 1.085,-0.006, 0.003, 0.000, 0.000, 0.400, 0.000, 0.000, 0.000, 0.000, 0.000, 0.000,--
0,0,14.836,0.000,0.000,--,--,--, 0.063, 3.421,-0.071, 0.009, 1.281,-0.023, 2.070, 0.000, 0.000, 0.004, 0.000, 0.617,0.000,False,False,-0.000,-0.000, 0.000,-0.010, 0.000, 0.003,-0.000,-0.000,-0.000, 1.000, 6.380, 1.085,-0.006, 0.003, 0.000, 0.000, 0.400, 0.000, 0.000, 0.000, 0.000, 0.000, 0.000,--
0,0,14.871,0.000,0.000,--,--,--, 0.063, 3.473,-0.072, 0.009, 1.290,-0.023, 2.072, 0.000, 0.000, 0.004, 0.000, 0.624,0.000,False,False,-0.159,-0.000, 0.000, 0.000,-0.010, 0.000,-0.001,-0.000,-0.000, 1.000, 6.380, 1.085,-0.006, 0.003, 0.000, 0.000, 0.400, 0.000, 0.000, 0.000, 0.000, 0.000, 0.000,--
0,0,14.931,0.000,0.000,--,--,--, 0.064, 3.550,-0.073, 0.008, 1.305,-0.023, 2.073, 0.000, 0.000, 0.003, 0.000, 0.628,0.000,False,False,-0.000,-0.159, 0.000, 0.010,-0.030,-0.003,-0.000,-0.001,-0.000, 1.000, 6.380, 1.085,-0.006, 0.003, 0.000, 0.000, 0.400, 0.000, 0.000, 0.000, 0.000, 0.000, 0.000,--
0,0,14.991,0.000,0.000,--,--,--, 0.064, 3.629,-0.074, 0.009, 1.319,-0.023, 2.074, 0.000, 0.000, 0.004, 0.000, 0.634,0.000,False,False,-0.000,-0.159, 0.000,-0.010, 0.000, 0.004,-0.000,-0.001,-0.000, 1.000, 6.389, 1.206,-0.038, 0.002, 0.000, 0.000, 0.400, 0.000, 0.000, 0.000, 0.000, 0.000, 0.000,--
0,0,15.027,0.000,0.000,--,--,--, 0.065, 3.682,-0.075, 0.008, 1.329,-0.023, 2.076, 0.000, 0.000, 0.003, 0.000, 0.641,0.000,False,False,-0.000,-0.000, 0.000,-0.010, 0.000,-0.003,-0.000,-0.000,-0.000, 1.000, 6.389, 1.206,-0.038, 0.002, 0.000, 0.000, 0.400, 0.000, 0.000, 0.000, 0.000, 0.000, 0.000,--
0,0,15.087,0.000,0.000,--,--,--, 0.065, 3.762,-0.077, 0.007, 1.343,-0.023, 2.076, 0.000, 0.000, 0.003, 0.000, 0.643,0.000,False,False,-0.000,-0.000, 0.000, 0.010,-0.010, 0.000,-0.000,-0.000,-0.000, 1.000, 6.389, 1.206,-0.038, 0.002, 0.000, 0.000, 0.400, 0.000, 0.000, 0.000, 0.000, 0.000, 0.000,--
0,0,15.135,0.000,0.000,--,--,--, 0.066, 3.818,-0.078, 0.008, 1.351,-0.024, 2.078, 0.000, 0.000, 0.003, 0.000, 0.649,0.000,False,False,-0.000,-0.159, 0.000, 0.000,-0.010,-0.007,-0.000,-0.001,-0.000, 1.000, 6.389, 1.206,-0.038, 0.002, 0.000, 0.000, 0.400, 0.000, 0.000, 0.000, 0.000, 0.000, 0.000,--
0,0,15.171,0.000,0.000,--,--,--, 0.066, 3.872,-0.079, 0.007, 1.359,-0.024, 2.079, 0.000, 0.000, 0.003, 0.000, 0.654,0.000,False,False,-0.000,-0.159, 0.000,-0.010, 0.000, 0.000,-0.000,-0.001,-0.000, 1.000, 6.389, 1.206,-0.038, 0.002, 0.000, 0.000, 0.400, 0.000, 0.000, 0.000, 0.000, 0.000, 0.000,--
0,0,15.231,0.000,0.000,--,--,--, 0.066, 3.954,-0.080, 0.009, 1.377,-0.024, 2.080, 0.000, 0.000, 0.004, 0.000, 0.660,0.000,False,False,-0.000,-0.159, 0.000,-0.010, 0.000,-0.002,-0.000,-0.001,-0.000, 1.000, 6.389, 1.206,-0.038, 0.002, 0.000, 0.000, 0.400, 0.000, 0.000, 0.000, 0.000, 0.000, 0.000,--
0,0,15.291,0.000,0.000,--,--,--, 0.067, 4.037,-0.082, 0.007, 1.392,-0.024, 2.081, 0.000, 0.000, 0.003, 0.000, 0.667,0.000,False,False,-0.000,-0.000, 0.000,-0.020, 0.010, 0.002,-0.000,-0.000,-0.000, 1.000, 6.397, 1.301,-0.033,-0.001, 0.000, 0.000, 0.400, 0.000, 0.000, 0.000, 0.000, 0.000, 0.000,--
0,0,15.327,0.000,0.000,--,--,--, 0.067, 4.093,-0.083, 0.006, 1.399,-0.024, 2.083, 0.000, 0.000, 0.003, 0.000, 0.672,0.000,False,False,-0.159,-0.000, 0.000,-0.010, 0.000,-0.003,-0.001,-0.000,-0.000, 1.000, 6.397, 1.301,-0.033,-0.001, 0.000, 0.000, 0.400, 0.000, 0.000, 0.000, 0.000, 0.000, 0.000,--
0,0,15.387,0.000,0.000,--,--,--, 0.068, 4.177,-0.084, 0.006, 1.414,-0.024, 2.083, 0.000, 0.000, 0.003, 0.000, 0.674,0.000,False,False,-0.159,-0.000, 0.000, 0.010,-0.020, 0.006,-0.001,-0.000,-0.000, 1.000, 6.397, 1.301,-0.033,-0.001, 0.000, 0.000, 0.400, 0.000, 0.000, 0.000, 0.000, 0.000, 0.000,--
0,0,15.423,0.000,0.000,--,--,--, 0.068, 4.234,-0.085, 0.005, 1.425,-0.025, 2.085, 0.000, 0.000, 0.002, 0.000, 0.684,0.000,False,False,-0.000,-0.000, 0.000, 0.010,-0.030, 0.000,-0.000,-0.000,-0.000, 1.000, 6.397, 1.301,-0.033,-0.001, 0.000, 0.000, 0.400, 0.000, 0.000, 0.000, 0.000, 0.000, 0.000,--
0,0,15.471,0.000,0.000,--,--,--, 0.068, 4.291,-0.086, 0.004, 1.434,-0.025, 2.086, 0.000, 0.000, 0.002, 0.000, 0.686,0.000,False,False,-0.000,-0.159, 0.000, 0.000,-0.010, 0.001,-0.000,-0.001,-0.000, 1.000, 6.397, 1.301,-0.033,-0.001, 0.000, 0.000, 0.400, 0.000, 0.000, 0.000, 0.000, 0.000, 0.000,--
0,0,15.531,0.000,0.000,--,--,--, 0.068, 4.378,-0.088, 0.007, 1.448,-0.024, 2.087, 0.000, 0.000, 0.003, 0.000, 0.692,0.000,False,False,-0.000,-0.000, 0.000, 0.000,-0.010, 0.002,-0.000,-0.000,-0.000, 1.000, 6.397, 1.301,-0.033,-0.001, 0.000, 0.000, 0.400, 0.000, 0.000, 0.000, 0.000, 0.000, 0.000,--
0,0,15.591,0.000,0.000,--,--,--, 0.069, 4.465,-0.089, 0.005, 1.464,-0.025, 2.089, 0.000, 0.000, 0.002, 0.000, 0.699,0.000,False,False,-0.000,-0.000, 0.000,-0.010, 0.000,-0.002,-0.000,-0.000,-0.000, 1.000, 6.407, 1.371,-0.020,-0.003, 0.000, 0.000, 0.400, 0.000, 0.000, 0.000, 0.000, 0.000, 0.000,--
0,0,15.627,0.000,0.000,--,--,--, 0.069, 4.524,-0.090, 0.005, 1.473,-0.024, 2.090, 0.000, 0.000, 0.002, 0.000, 0.705,0.000,False,False,-0.000,-0.000, 0.000,-0.010, 0.000, 0.000,-0.000,-0.000,-0.000, 1.000, 6.407, 1.371,-0.020,-0.003, 0.000, 0.000, 0.400, 0.000, 0.000, 0.000, 0.000, 0.000, 0.000,--
0,0,15.687,0.000,0.000,--,--,--, 0.069, 4.614,-0.092, 0.004, 1.486,-0.025, 2.091, 0.000, 0.000, 0.002, 0.000, 0.707,0.000,False,False,-0.000,-0.000, 0.000, 0.000,-0.010,-0.002,-0.000,-0.000,-0.000, 1.000, 6.407, 1.371,-0.020,-0.003, 0.000, 0.000, 0.400, 0.000, 0.000, 0.000, 0.000, 0.000, 0.000,--
0,0,15.723,0.000,0.000,--,--,--, 0.070, 4.674,-0.093, 0.004, 1.496,-0.024, 2.093, 0.000, 0.000, 0.001, 0.000, 0.716,0.000,False,False,-0.000,-0.000, 0.000, 0.000,-0.010,-0.003,-0.000,-0.000,-0.000, 1.000, 6.407, 1.371,-0.020,-0.003, 0.000, 0.000, 0.400, 0.000, 0.000, 0.000, 0.000, 0.000, 0.000,--
0,0,15.771,0.000,0.000,--,--,--, 0.070, 4.734,-0.094, 0.003, 1.507,-0.024, 2.093, 0.000, 0.000, 0.001, 0.000, 0.718,0.000,False,False,-0.000,-0.000, 0.000,-0.020, 0.000,-0.005,-0.000,-0.000,-0.000, 1.000, 6.407, 1.371,-0.020,-0.003, 0.000, 0.000, 0.400, 0.000, 0.000, 0.000, 0.000, 0.000, 0.000,--
0,0,15.831,0.000,0.000,--,--,--, 0.070, 4.825,-0.095, 0.004, 1.521,-0.025, 2.095, 0.000, 0.000, 0.001, 0.000, 0.724,0.000,False,False,-0.000,-0.000, 0.000,-0.010, 0.000,-0.001,-0.000,-0.000,-0.000, 1.000, 6.407, 1.371,-0.020,-0.003, 0.000, 0.000, 0.400, 0.000, 0.000, 0.000, 0.000, 0.000, 0.000,--
0,0,15.891,0.000,0.000,--,--,--, 0.070, 4.916,-0.097, 0.003, 1.534,-0.024, 2.096, 0.000, 0.000, 0.001, 0.000, 0.730,0.000,False,False,-0.000,-0.000, 0.000, 0.010,-0.020, 0.000,-0.000,-0.000,-0.000, 1.000, 6.414, 1.483,-0.017, 0.000, 0.000, 0.000, 0.400, 0.000, 0.000, 0.000, 0.000, 0.000, 0.000,--
0,0,15.926,0.000,0.000,--,--,--, 0.070, 4.978,-0.098, 0.002, 1.544,-0.025, 2.098, 0.000, 0.000, 0.001, 0.000, 0.737,0.000,False,False,-0.000,-0.000,-0.159, 0.010,-0.020, 0.000,-0.000,-0.000,-0.001, 1.000, 6.414, 1.483,-0.017, 0.000, 0.000, 0.000, 0.400, 0.000, 0.000, 0.000, 0.000, 0.000, 0.000,--
0,0,15.986,0.000,0.000,--,--,--, 0.070, 5.071,-0.099, 0.002, 1.559,-0.025, 2.098, 0.000, 0.000, 0.001, 0.000, 0.737,0.000,False,False,-0.000,-0.000, 0.000,-0.010, 0.000,-0.002,-0.000,-0.000,-0.000, 1.000, 6.418, 1.529,-0.043, 0.001, 0.000, 0.000, 0.400, 0.000, 0.000, 0.000, 0.000, 0.000, 0.000,--
0,0,16.023,0.000,0.000,--,--,--, 0.071, 5.134,-0.100, 0.003, 1.568,-0.025, 2.100, 0.000, 0.000, 0.001, 0.000, 0.747,0.000,False,False,-0.000,-0.000, 0.000,-0.010, 0.000, 0.004,-0.000,-0.000,-0.000, 1.000, 6.418, 1.529,-0.043, 0.001, 0.000, 0.000, 0.400, 0.000, 0.000, 0.000, 0.000, 0.000, 0.000,--
0,0,16.070,0.000,0.000,--,--,--, 0.071, 5.197,-0.101, 0.002, 1.578,-0.025, 2.101, 0.000, 0.000, 0.001, 0.000, 0.749,0.000,False,False,-0.000,-0.000, 0.000, 0.000, 0.000, 0.002,-0.000,-0.000,-0.000, 1.000, 6.418, 1.529,-0.043, 0.001, 0.000, 0.000, 0.400, 0.000, 0.000, 0.000, 0.000, 0.000, 0.000,--
0,0,16.130,0.000,0.000,--,--,--, 0.071, 5.292,-0.103, 0.002, 1.593,-0.026, 2.103, 0.000, 0.000, 0.000, 0.000, 0.756,0.000,False,False,-0.000,-0.000, 0.000, 0.010,-0.020,-0.001,-0.000,-0.000,-0.000, 1.000, 6.418, 1.529,-0.043, 0.001, 0.000, 0.000, 0.400, 0.000, 0.000, 0.000, 0.000, 0.000, 0.000,--
0,0,16.190,0.000,0.000,--,--,--, 0.071, 5.389,-0.104, 0.003, 1.608,-0.026, 2.104, 0.000, 0.000, 0.001, 0.000, 0.763,0.000,False,False,-0.000,-0.000, 0.000,-0.020, 0.010, 0.001,-0.000,-0.000,-0.000, 1.000, 6.425, 1.607,-0.045,-0.001, 0.000, 0.000, 0.400, 0.000, 0.000, 0.000, 0.000, 0.000, 0.000,--
0,0,16.226,0.000,0.000,--,--,--, 0.071, 5.454,-0.105, 0.003, 1.617,-0.026, 2.106, 0.000, 0.000, 0.001, 0.000, 0.769,0.000,False,False,-0.159,-0.000, 0.000,-0.010, 0.010, 0.000,-0.001,-0.000,-0.000, 1.000, 6.425, 1.607,-0.045,-0.001, 0.000, 0.000, 0.400, 0.000, 0.000, 0.000, 0.000, 0.000, 0.000,--
0,0,16.286,0.000,0.000,--,--,--, 0.071, 5.551,-0.107, 0.003, 1.632,-0.027, 2.106, 0.000, 0.000, 0.001, 0.000, 0.769,0.000,False,False,-0.159,-0.000, 0.000, 0.010,-0.010, 0.000,-0.001,-0.000,-0.000, 1.000, 6.425, 1.610,-0.007, 0.000, 0.000, 0.000, 0.400, 0.000, 0.000, 0.000, 0.000, 0.000, 0.000,--
0,0,16.322,0.000,0.000,--,--,--, 0.071, 5.617,-0.108, 0.002, 1.641,-0.026, 2.108, 0.000, 0.000, 0.001, 0.000, 0.779,0.000,False,False,-0.000,-0.000, 0.000, 0.000,-0.020, 0.008,-0.000,-0.000,-0.000, 1.000, 6.425, 1.610,-0.007, 0.000, 0.000, 0.000, 0.400, 0.000, 0.000, 0.000, 0.000, 0.000, 0.000,--
0,0,16.370,0.000,0.000,--,--,--, 0.072, 5.683,-0.109, 0.004, 1.650,-0.026, 2.109, 0.000, 0.000, 0.001, 0.000, 0.781,0.000,False,False,-0.000,-0.000, 0.000, 0.010,-0.010, 0.000,-0.000,-0.000,-0.000, 1.000, 6.425, 1.610,-0.007, 0.000, 0.000, 0.000, 0.400, 0.000, 0.000, 0.000, 0.000, 0.000, 0.000,--
0,0,16.430,0.000,0.000,--,--,--, 0.072, 5.782,-0.111, 0.003, 1.669,-0.027, 2.111, 0.000, 0.000, 0.001, 0.000, 0.789,0.000,False,False,-0.000,-0.000, 0.000,-0.010, 0.000,-0.004,-0.000,-0.000,-0.000, 1.000, 6.425, 1.610,-0.007, 0.000, 0.000, 0.000, 0.400, 0.000, 0.000, 0.000, 0.000, 0.000, 0.000,--
0,0,16.490,0.000,0.000,--,--,--, 0.072, 5.883,-0.112, 0.004, 1.681,-0.027, 2.112, 0.000, 0.000, 0.001, 0.000, 0.795,0.000,False,False,-0.159,-0.000, 0.000,-0.010, 0.010,-0.001,-0.001,-0.000,-0.000, 1.000, 6.433, 1.707,-0.032,-0.001, 0.000, 0.000, 0.400, 0.000, 0.000, 0.000, 0.000, 0.000, 0.000,--
0,0,16.525,0.000,0.000,--,--,--, 0.072, 5.950,-0.114, 0.006, 1.686,-0.027, 2.114, 0.000, 0.000, 0.003, 0.000, 0.798,0.000,False,False,-0.159,-0.000, 0.000,-0.020, 0.020,-0.005,-0.001,-0.000,-0.000, 1.000, 6.433, 1.707,-0.032,-0.001, 0.000, 0.000, 0.400, 0.000, 0.000, 0.000, 0.000, 0.000, 0.000,--

0,0, 180.00,8,--,[0.000 0.000],[0.000 0.000],[0.000 0.000],--,--,--,0.000,0.000,0.000,--,--,--,--,--,--,--,0.00,[0.00 0.00 0.00 0.00 0.00],--,--,--,--,--,--,--,--,--,--,--,--,--,--,--,--,--,--,--,--,--,--,--,No_Debug_Data
0,0,-1693853774.933,0.000,0.000,--,--,--,nan,nan,0.000,0.000,0.000,0.000,0.000,0.000,--,0.000,--,0.000,--,False,--,0.000,0.000,0.000,0.000,0.000,0.000,0.000,0.000,0.000,0.000,0.000,0.000,0.000,0.000,--,--,--,--,--,--,--,--,--,Flip Data
0,0,-1693853774.933,--,--,--,--,--,0.000,0.000,0.000,0.000,0.000,0.000,--,--,--,0,0,0,0,False,False,0.000,0.000,0.000,0.000,0.000,0.000,0.000,0.000,0.000,0.000,0,--,--,--,--,--,--,--,--,--,--,--,--,Impact Data

