gyro.x_x,gyro.x_y,gyro.y_x,gyro.y_y,gyro.z_x,gyro.z_y
228933.,-14.4359712601,228933.,-41.6573410034,228933.,-1.6020940542
228953.,-15.0074520111,228953.,-42.9525985718,228953.,-1.2520536184
228973.,-15.9244556427,228973.,-44.7629699707,228973.,-1.3417859077
228993.,-15.9692058563,228993.,-46.2905616760,228993.,-1.6662070751
229013.,-15.9150924683,229013.,-47.3525695801,229013.,-1.0983703136
229033.,-15.4900827408,229033.,-48.2440071106,229033.,-1.6014171839
229053.,-14.8349008560,229053.,-49.5620803833,229053.,-1.8223508596
229073.,-14.2875242233,229073.,-50.1630668640,229073.,-2.0172965527
229093.,-13.1042423248,229093.,-50.7190742493,229093.,-1.6995069981
229113.,-12.0563659668,229113.,-51.2416763306,229113.,-1.9340959787
229133.,-11.1856660843,229133.,-51.5144767761,229133.,-1.9694577456
229153.,-10.2626075745,229153.,-51.5902214050,229153.,-1.645111084
229173.,-9.2999238968,229173.,-51.1912498474,229173.,-1.970102191
229193.,-8.8207178116,229193.,-51.1803817749,229193.,-1.5945954323
229213.,-8.7204408646,229213.,-50.7257461548,229213.,-1.8907262087
229233.,-8.8310623169,229233.,-50.0163459778,229233.,-1.8331546783
229253.,-9.0615863800,229253.,-49.0699310303,229253.,-1.5496469736
229273.,-9.9043951035,229273.,-48.1091041565,229273.,-1.6624803543
229293.,-10.8627252579,229293.,-46.8681182861,229293.,-1.6853030920
229313.,-11.6610345840,229313.,-45.6338615417,229313.,-1.2662572861
229333.,-13.4196090698,229333.,-44.4481925964,229333.,-1.7176553011
229353.,-14.1447792053,229353.,-42.3913383484,229353.,-1.4064956903
229373.,-14.8833303452,229373.,-40.8747901917,229373.,-1.4587945938
229393.,-15.3773384094,229393.,-38.9949874878,229393.,-1.3432799578
229413.,-16.0102519989,229413.,-37.4860877991,229413.,-1.6224089861
229433.,-16.2974472046,229433.,-35.0403556824,229433.,-1.7512882948
229453.,-16.1151542664,229453.,-32.9436264038,229453.,-1.6795928478
229473.,-15.6619129181,229473.,-30.4648075104,229473.,-1.3217185736
229493.,-15.0452699661,229493.,-28.0403709412,229493.,-1.4143906832
229513.,-14.1468172073,229513.,-25.8782176971,229513.,-1.4650298357
229533.,-13.2328605652,229533.,-23.3791007996,229533.,-1.9060952663
229553.,-12.1316556931,229553.,-21.0074043274,229553.,-1.4456647635
229573.,-11.0725326538,229573.,-18.9730529785,229573.,-1.3920874596
229593.,-10.3116426468,229593.,-16.7100124359,229593.,-1.2529382706
229613.,-9.6484451294,229613.,-14.1659030914,229613.,-1.4047753811
229633.,-9.2951202393,229633.,-11.5023603439,229633.,-1.3296018839
229653.,-9.1503629684,229653.,-9.3973999023,229653.,-1.3185598850
229673.,-9.5201263428,229673.,-7.4137411118,229673.,-1.4631677866
229693.,-10.0610742569,229693.,-5.2551031113,229693.,-1.5923985243
229713.,-11.1981954575,229713.,-3.1585922241,229713.,-1.2994184494
229733.,-11.8983745575,229733.,-1.088133812,229733.,-1.5669950247
229753.,-12.9240541458,229753.,0.2873306870,229753.,-1.418535471
229773.,-13.9055728912,229773.,2.5537047386,229773.,-0.9872812033
229793.,-15.1199245453,229793.,3.4884505272,229793.,-1.126280427
229813.,-15.6758480072,229813.,4.9405674934,229813.,-1.1946221590
229833.,-16.034198761,229833.,6.4618754387,229833.,-1.0441647768
229853.,-16.5191898346,229853.,7.403087616,229853.,-1.1485375166
229873.,-16.4650726318,229873.,8.7002592087,229873.,-1.1767625809
229893.,-16.2315101624,229893.,9.205575943,229893.,-1.1892962456
229913.,-15.6217212677,229913.,9.680138588,229913.,-0.7850748301
229933.,-14.4629678726,229933.,10.0777482986,229933.,-1.2909723520
229953.,-13.3713741302,229953.,10.6688432693,229953.,-0.8742835522
229973.,-12.3749418259,229973.,10.4021062851,229973.,-0.8242980242
229993.,-11.6456279755,229993.,9.8888683319,229993.,-0.8709668517
230013.,-10.7863912582,230013.,9.8479127884,230013.,-1.0210804939
230033.,-9.9995365143,230033.,9.3152761459,230033.,-0.8634971976
230053.,-9.3194475174,230053.,8.8997783661,230053.,-1.0937896967
230073.,-9.1700839996,230073.,7.6033129692,230073.,-1.2601684332
230093.,-9.0614309311,230093.,6.7075428963,230093.,-1.1591316462
230113.,-9.4986686707,230113.,5.5078606606,230113.,-1.1344295740
230133.,-9.9832839966,230133.,4.6209888458,230133.,-1.2493619919
230153.,-10.928812027,230153.,2.9502613544,230153.,-1.0807300806
230173.,-11.8964328766,230173.,1.4701651335,230173.,-1.1909763813
230193.,-12.7972736359,230193.,-0.4570336342,230193.,-1.2895300388
230213.,-13.7705469131,230213.,-2.6479229927,230213.,-1.2282778025
230233.,-14.1679859161,230233.,-4.4485130310,230233.,-1.3350214958
230253.,-14.9061822891,230253.,-6.3825888634,230253.,-0.7670860291
230273.,-15.5107803345,230273.,-8.3657493591,230273.,-0.8419105411
230293.,-15.7773504257,230293.,-10.4961690903,230293.,-1.1991704702
230313.,-15.4888601303,230313.,-12.7606697083,230313.,-1.3788965940
230333.,-15.008972168,230333.,-15.4492282867,230333.,-1.1558190584
230353.,-14.5649852753,230353.,-17.4138374329,230353.,-1.316069603
230373.,-13.5621185303,230373.,-19.4585437775,230373.,-1.8023843765
230393.,-12.3374767303,230393.,-22.2886943817,230393.,-1.2384105921
230413.,-11.6373596191,230413.,-24.5495643616,230413.,-1.1815543175
230433.,-10.710641861,230433.,-26.8828601837,230433.,-1.2398191690
230453.,-10.0286607742,230453.,-29.10521698,230453.,-1.3600981236
230473.,-9.4337081909,230473.,-31.3567523956,230473.,-1.5834139585
230493.,-8.8534564972,230493.,-33.9405288696,230493.,-1.2495256662
230513.,-8.6929349899,230513.,-35.2638854980,230513.,-1.2155711651
230533.,-9.2994356155,230533.,-37.7844772339,230533.,-1.4044058323
230553.,-9.4731655121,230553.,-39.0789337158,230553.,-1.4685652256
230573.,-10.3598375320,230573.,-41.2548713684,230573.,-1.6131701469
230593.,-11.2071847916,230593.,-43.3093986511,230593.,-1.7706567049
230613.,-12.0479106903,230613.,-44.3672142029,230613.,-1.4947876930
230633.,-12.8888931274,230633.,-45.9628257751,230633.,-1.2969603539
230653.,-13.668838501,230653.,-47.2926979065,230653.,-1.5775967836
230673.,-14.7353534698,230673.,-48.2998008728,230673.,-1.9285013676
230693.,-15.1141319275,230693.,-49.5504608154,230693.,-1.81305933
230713.,-15.6677865982,230713.,-50.0202980042,230713.,-2.1580562592
230733.,-15.7769489288,230733.,-50.5031776428,230733.,-1.8946075439
230753.,-15.0761318207,230753.,-51.3808135986,230753.,-1.7413024902
230773.,-14.8882923126,230773.,-51.4124488831,230773.,-1.9830148220
230793.,-13.8950042725,230793.,-50.8485527039,230793.,-2.0015621185
230813.,-12.8560123444,230813.,-50.7911643982,230813.,-1.8684333563
230833.,-12.0581769943,230833.,-50.4935607910,230833.,-1.8536795378
230853.,-11.0952167511,230853.,-50.3861122131,230853.,-1.9956735373
230873.,-10.4545316696,230873.,-49.3427619934,230873.,-1.86450243
230893.,-9.3343496323,230893.,-48.1447906494,230893.,-1.6388200521
230913.,-9.1591405869,230913.,-47.8774642944,230913.,-1.5818275213
230933.,-8.7155981064,230933.,-46.1853675842,230933.,-1.9508473873
230953.,-9.1166639328,230953.,-44.9009971619,230953.,-1.9113779068
230973.,-9.2673578262,230973.,-43.3255691528,230973.,-1.7359243631
230993.,-9.7894058228,230993.,-41.8684692383,230993.,-1.6287823915
231013.,-10.6552581787,231013.,-40.1103630066,231013.,-1.5450381041
231033.,-11.7334241867,231033.,-38.3098602295,231033.,-1.3650134802
231053.,-12.5427932739,231053.,-36.2806396484,231053.,-1.4568852186
231073.,-13.7519197464,231073.,-34.2926292419,231073.,-1.288738966
231093.,-14.5683221817,231093.,-32.3761100769,231093.,-1.6163505316
231113.,-15.2910842896,231113.,-30.2892284393,231113.,-1.2923859358
231133.,-15.2761974335,231133.,-28.0279045105,231133.,-1.5045174360
231153.,-15.6407651901,231153.,-25.6214694977,231153.,-1.3948862553
231173.,-15.6911172867,231173.,-23.0078449249,231173.,-1.3265827894
231193.,-15.2504768372,231193.,-21.0380306244,231193.,-1.7014346123
231213.,-14.8226137161,231213.,-18.1498699188,231213.,-1.5220625401
231233.,-14.0523023605,231233.,-16.0981483459,231233.,-1.5597862005
231253.,-12.9161472321,231253.,-13.5172309875,231253.,-1.0254708529
231273.,-12.0210781097,231273.,-11.6155424118,231273.,-1.0377635956
231293.,-11.2255868912,231293.,-9.1650218964,231293.,-0.9527204037
231313.,-10.6228303909,231313.,-7.0928730965,231313.,-1.1950960159
231333.,-10.1195621490,231333.,-5.0513224602,231333.,-1.1196581125
231353.,-9.6241893768,231353.,-3.2468833923,231353.,-1.0060864687
231373.,-9.9336194992,231373.,-1.3239207268,231373.,-1.1104694605
231393.,-9.8476047516,231393.,0.7093360424,231393.,-1.1588867903
231413.,-10.0122461319,231413.,2.1413171291,231413.,-1.0489488840
231433.,-11.2800979614,231433.,3.5738573074,231433.,-1.6008000374
231453.,-11.7362709045,231453.,4.8382511139,231453.,-1.0149184465
231473.,-12.6982889175,231473.,6.316072464,231473.,-1.182702899
231493.,-13.3704557419,231493.,7.4681892395,231493.,-1.0719492435
231513.,-14.6687393188,231513.,7.9583387375,231513.,-1.1698747873
231533.,-15.4388141632,231533.,8.9074134827,231533.,-1.0576885939
231553.,-16.0685100555,231553.,9.20333004,231553.,-1.2417874336
231573.,-16.3253803253,231573.,10.0900335312,231573.,-1.0036573410
231593.,-16.0098342896,231593.,9.8248128891,231593.,-1.1479289532
231613.,-15.7487764359,231613.,9.8693151474,231613.,-0.9788274765
231633.,-15.4455862045,231633.,9.9146108627,231633.,-0.7669915557
231653.,-14.8688259125,231653.,9.5050535202,231653.,-0.8888630867
231673.,-13.9559755325,231673.,8.9732160568,231673.,-1.1480301619
231693.,-12.7709112167,231693.,8.6331367493,231693.,-0.8973019719
231713.,-12.0856542587,231713.,7.5554041862,231713.,-1.1973834038
231733.,-11.1489562988,231733.,6.5747270584,231733.,-1.3673548698
231753.,-10.4109869003,231753.,5.2221179008,231753.,-1.0629247427
231773.,-9.4344558716,231773.,3.8351874352,231773.,-1.3159786463
231793.,-9.5418262482,231793.,2.8600678444,231793.,-1.1032682657
231813.,-9.5241336823,231813.,1.1730383635,231813.,-1.1891767979
231833.,-10.0480680466,231833.,-0.9269574285,231833.,-1.3375174999
231853.,-10.7545576096,231853.,-2.8377089500,231853.,-1.762414217
231873.,-10.9647064209,231873.,-4.4334039688,231873.,-1.1905158758
231893.,-11.8593978882,231893.,-7.0856423378,231893.,-1.5859854221
231913.,-12.3732042313,231913.,-9.2238216400,231913.,-1.2178161144
231933.,-13.5520172119,231933.,-11.1419687271,231933.,-1.2918453217
231953.,-14.6298866272,231953.,-13.8505182266,231953.,-1.6599113941
231973.,-15.0872430801,231973.,-15.6955652237,231973.,-1.6390148401
231993.,-15.5587358475,231993.,-17.8720836639,231993.,-1.0617473125
232013.,-15.6975860596,232013.,-20.4017791748,232013.,-1.0501948595
232033.,-15.4089231491,232033.,-22.4558391571,232033.,-1.2296304703
232053.,-15.4573755264,232053.,-25.0215950012,232053.,-1.6266272068
232073.,-14.6405420303,232073.,-27.0625190735,232073.,-1.4998344183
232093.,-14.0209388733,232093.,-29.4884796143,232093.,-1.7351920605
232113.,-12.8887042999,232113.,-31.6964130402,232113.,-1.8539417982
232133.,-11.9115943909,232133.,-33.6326637268,232133.,-1.8199681044
232153.,-10.8396148682,232153.,-35.9315757751,232153.,-1.5438108444
232173.,-10.3662023544,232173.,-37.5298042297,232173.,-1.5862851143
232193.,-9.4486427307,232193.,-39.5507240295,232193.,-1.9866421223
232213.,-9.2193126678,232213.,-41.7510986328,232213.,-1.9547998905
232233.,-9.0197849274,232233.,-42.7690887451,232233.,-1.1939644814
232253.,-9.5142402649,232253.,-44.3970947266,232253.,-1.5672150850
232273.,-9.6237554550,232273.,-45.8889045715,232273.,-1.5521141291
232293.,-10.2550725937,232293.,-46.8071861267,232293.,-1.4276589155
232313.,-11.1687860489,232313.,-48.7422904968,232313.,-1.5341588259
232333.,-12.1091699600,232333.,-49.0550193787,232333.,-1.8169380426
232353.,-12.9193325043,232353.,-49.5663337708,232353.,-1.1506888866
232373.,-13.7423648834,232373.,-49.9060478210,232373.,-1.5828745365
232393.,-14.6324539185,232393.,-50.4489440918,232393.,-1.5469944477
232413.,-14.7044219971,232413.,-50.7523651123,232413.,-1.5527939796
232433.,-15.1725225449,232433.,-50.8001823425,232433.,-1.3572711945
232453.,-15.3036136627,232453.,-50.8030548096,232453.,-1.7136067152
232473.,-15.370552063,232473.,-50.2955360413,232473.,-1.9138565063
232493.,-14.3498029709,232493.,-49.7369880676,232493.,-1.7810064554
232513.,-13.9992952347,232513.,-48.6492233276,232513.,-1.6991046667
232533.,-13.0901136398,232533.,-47.9599876404,232533.,-1.7327151299
232553.,-12.1688756943,232553.,-47.0298004150,232553.,-1.6406933069
232573.,-11.3009252548,232573.,-46.3363533020,232573.,-1.7789871693
232593.,-10.3336248398,232593.,-44.5284729004,232593.,-1.5647825003
232613.,-9.8008356094,232613.,-43.2281417847,232613.,-1.5871253014
232633.,-9.2342042923,232633.,-41.5782928467,232633.,-1.9517140388
232653.,-8.8614969254,232653.,-39.457069397,232653.,-1.559268117
232673.,-8.8901185989,232673.,-38.2172203064,232673.,-1.7726473808
232693.,-9.0847969055,232693.,-36.1031150818,232693.,-1.5385888815
232713.,-9.7100563049,232713.,-33.6729354858,232713.,-1.3550548553
232733.,-10.2388629913,232733.,-31.980052948,232733.,-1.3083994389
232753.,-11.1967706680,232753.,-29.7959003448,232753.,-1.1495097876
232773.,-12.5957689285,232773.,-27.2470378876,232773.,-1.1624023914
232793.,-12.8234987259,232793.,-25.3852958679,232793.,-1.2284671068
232813.,-13.8575868607,232813.,-23.2479572296,232813.,-1.4011492729
232833.,-14.4498119354,232833.,-20.2337799072,232833.,-1.8409729004
232853.,-15.3598136902,232853.,-18.3385105133,232853.,-1.4690886736
232873.,-15.4889163971,232873.,-16.4269485474,232873.,-1.5044802427
232893.,-15.1411724091,232893.,-13.2497320175,232893.,-1.5232605934
232913.,-14.5732526779,232913.,-11.3932819366,232913.,-1.0426471233
232933.,-14.6546306610,232933.,-9.1582984924,232933.,-1.4483027458
232953.,-13.8067655563,232953.,-7.37277174,232953.,-1.3390135765
232973.,-12.9840984344,232973.,-5.2892365456,232973.,-1.2824001312
232993.,-12.1447668076,232993.,-3.4598455429,232993.,-0.9919766784
233013.,-11.5871400833,233013.,-1.1677732468,233013.,-1.1242550611
233033.,-10.4310417175,233033.,0.5271787643,233033.,-1.2388980389
233053.,-9.8689060211,233053.,2.4182319641,233053.,-0.9811153412
233073.,-9.711388588,233073.,3.4714484215,233073.,-0.9298222065
233093.,-9.6163225174,233093.,4.8426375389,233093.,-1.3214435577
233113.,-9.9781455994,233113.,6.0657896996,233113.,-1.4180482626
233133.,-10.370256424,233133.,7.1706867218,233133.,-1.1506085396
233153.,-11.0242834091,233153.,8.2213516235,233153.,-1.3381966352
233173.,-11.7023706436,233173.,8.4686555862,233173.,-1.1070597172
233193.,-12.2353458405,233193.,9.0369157791,233193.,-1.2398521900
233213.,-13.6104059219,233213.,9.6835355759,233213.,-1.2456110716
233233.,-13.8803033829,233233.,9.8158655167,233233.,-0.9870127439
233253.,-15.0317354202,233253.,9.7929182053,233253.,-1.0479102135
233273.,-15.6789903641,233273.,9.0990295410,233273.,-1.1021028757
233293.,-15.7932615280,233293.,8.7473907471,233293.,-0.9373804331
233313.,-15.9584245682,233313.,8.2735843658,233313.,-1.0734522343
233333.,-15.8551607132,233333.,7.9845104218,233333.,-0.9378720522
233353.,-15.4799575806,233353.,6.8708190918,233353.,-1.1020737886
233373.,-14.715212822,233373.,5.4302721024,233373.,-1.1385424137
233393.,-13.9210023880,233393.,4.9472699165,233393.,-0.9126136899
233413.,-12.8750600815,233413.,3.2930777073,233413.,-0.972304523
233433.,-12.0250310898,233433.,1.3106272221,233433.,-1.0815064907
233453.,-11.163271904,233453.,0.1200459450,233453.,-1.0875780582
233473.,-10.6619071960,233473.,-1.9948447943,233473.,-1.3398187160
233493.,-10.3043003082,233493.,-3.2860751152,233493.,-1.1338135004
233513.,-10.0323896408,233513.,-5.0833835602,233513.,-1.4069538116
233533.,-9.808549881,233533.,-7.3392510414,233533.,-1.4256533384
233553.,-10.1419658661,233553.,-8.8211307526,233553.,-1.3127064705
233573.,-10.5079040527,233573.,-11.5750942230,233573.,-1.5384414196
233593.,-11.1604290009,233593.,-13.8718156815,233593.,-1.7258616686
233613.,-11.8564987183,233613.,-16.5055198669,233613.,-1.5561439991
233633.,-12.8450231552,233633.,-18.3400764465,233633.,-1.5737594366
233653.,-13.6871385574,233653.,-20.3507137299,233653.,-1.6872518063
233673.,-14.5679569244,233673.,-23.0605487823,233673.,-1.4560849667
233693.,-15.0624265671,233693.,-25.1611804962,233693.,-1.1731209755
233713.,-15.4097518921,233713.,-27.3233604431,233713.,-1.5013790131
233733.,-15.5100889206,233733.,-29.9203147888,233733.,-1.2214796543
233753.,-15.5118227005,233753.,-32.0403671265,233753.,-1.6858692169
233773.,-15.3979387283,233773.,-34.0428848267,233773.,-1.6549928188
233793.,-15.0067415237,233793.,-35.7833442688,233793.,-1.8908784389
233813.,-14.2821149826,233813.,-37.8505859375,233813.,-2.0652079582
233833.,-13.0590629578,233833.,-39.6070175171,233833.,-1.4538592100
233853.,-12.3502960205,233853.,-41.3477668762,233853.,-1.7027815580
233873.,-11.5533571243,233873.,-42.9163513184,233873.,-1.961542964
233893.,-10.4941244125,233893.,-44.4063148499,233893.,-1.763368845
233913.,-9.9529676437,233913.,-45.4507522583,233913.,-1.8351752758
233933.,-9.6762275696,233933.,-47.0213508606,233933.,-1.7091569901
233953.,-9.9359807968,233953.,-47.9235687256,233953.,-1.5018525124
233973.,-10.1367721558,233973.,-48.8435974121,233973.,-1.7937910557
233993.,-9.9207496643,233993.,-49.2233848572,233993.,-1.6159540415
234013.,-10.610537529,234013.,-49.7363128662,234013.,-1.5516873598
234033.,-11.3076229095,234033.,-50.3503646851,234033.,-2.0987045765
234053.,-12.0738449097,234053.,-50.1857337952,234053.,-1.9927816391
234073.,-13.0984544754,234073.,-50.4382858276,234073.,-1.6530214548
234093.,-13.6722307205,234093.,-50.091545105,234093.,-1.8670539856
234113.,-14.1417341232,234113.,-49.8429946899,234113.,-1.6816937923
234133.,-14.8154258728,234133.,-49.0743598938,234133.,-1.9293153286
234153.,-15.1835422516,234153.,-48.5784416199,234153.,-1.8599215746
234173.,-15.2037572861,234173.,-47.0785102844,234173.,-1.3973740339
234193.,-14.9806661606,234193.,-46.5115242004,234193.,-1.7745060921
234213.,-14.7584571838,234213.,-45.1438446045,234213.,-1.7958801985
234233.,-14.0017042160,234233.,-44.1456832886,234233.,-1.8778761625
234253.,-13.3429956436,234253.,-42.2613182068,234253.,-1.8241623640
234273.,-12.4749317169,234273.,-40.7804107666,234273.,-1.9554402828
234293.,-11.1409339905,234293.,-39.2062911987,234293.,-1.7342278957
234313.,-10.5837125778,234313.,-37.5858345032,234313.,-1.6438537836
234333.,-9.9129047394,234333.,-35.0940513611,234333.,-1.7464264631
234353.,-9.4566698074,234353.,-33.2540321350,234353.,-1.3170573711
234373.,-9.1245203018,234373.,-31.1868686676,234373.,-1.780928731
234393.,-9.002863884,234393.,-29.1853275299,234393.,-1.4596495628
234413.,-9.4145545959,234413.,-27.4358711243,234413.,-1.4918938875
234433.,-9.7738561630,234433.,-24.6939926147,234433.,-1.6072267294
234453.,-10.1920223236,234453.,-22.5381679535,234453.,-1.6507359743
234473.,-11.2701416016,234473.,-20.3950786591,234473.,-1.3796956539
234493.,-11.9769115448,234493.,-17.9184513092,234493.,-1.267013073
234513.,-13.0841379166,234513.,-15.6349840164,234513.,-1.2259749174
234533.,-13.7242851257,234533.,-13.7118530273,234533.,-1.2059760094
234553.,-14.296746254,234553.,-11.2666530609,234553.,-1.4893260002
234573.,-14.3461875916,234573.,-9.1202907562,234573.,-1.3784254789
234593.,-15.0493822098,234593.,-6.9387245178,234593.,-1.0501550436
234613.,-14.6949834824,234613.,-4.7457699776,234613.,-1.4332029819
234633.,-14.8361930847,234633.,-2.8177824020,234633.,-1.1558656693
234653.,-14.2202081680,234653.,-0.950521946,234653.,-1.3997824192
234673.,-13.5640859604,234673.,0.4609409273,234673.,-0.9894279838
234693.,-13.0261669159,234693.,1.6511738300,234693.,-1.3295490742
234713.,-12.1892070770,234713.,3.2636344433,234713.,-1.1347709894
234733.,-10.9740991592,234733.,5.4470086098,234733.,-0.990449369
234753.,-10.6463260651,234753.,6.3046751022,234753.,-0.881428659
234773.,-9.787566185,234773.,6.7139153481,234773.,-0.9354615211
234793.,-9.4063396454,234793.,7.6372041702,234793.,-0.9789758921
234813.,-9.8752689362,234813.,8.4208097458,234813.,-1.1686030626
234833.,-9.6261997223,234833.,8.4811906815,234833.,-1.0573732853
234853.,-9.9784593582,234853.,9.0276966095,234853.,-1.1906969547
234873.,-10.9712219238,234873.,8.8948860168,234873.,-1.2136666775
234893.,-11.4846096039,234893.,9.1306800842,234893.,-1.2613505125
234913.,-12.1993513107,234913.,8.5997085571,234913.,-1.3236967325
234933.,-13.2392148972,234933.,8.397436142,234933.,-1.1503093243
234953.,-13.8704347610,234953.,7.9000215530,234953.,-1.5287683010
234973.,-14.6621789932,234973.,7.0178694725,234973.,-1.665099144
234993.,-15.3034543991,234993.,6.2996644974,234993.,-1.0682359934
235013.,-15.3752260208,235013.,5.4372062683,235013.,-1.4769188166
235033.,-15.3729877472,235033.,4.2036619186,235033.,-1.1784690619
235053.,-15.2246570587,235053.,2.9258708954,235053.,-0.9848448634
235073.,-15.1113758087,235073.,0.9289585352,235073.,-1.3145673275
235093.,-14.4355049133,235093.,-0.2854168117,235093.,-1.2489316463
235113.,-14.0928707123,235113.,-2.2606422901,235113.,-1.0819467306
235133.,-12.9869995117,235133.,-3.5077168941,235133.,-1.0308715105
235153.,-12.1219034195,235153.,-5.588470459,235153.,-1.2728575468
235173.,-11.3958072662,235173.,-7.7596392632,235173.,-1.3906694651
235193.,-10.5313796997,235193.,-10.2273845673,235193.,-1.5928397179
235213.,-10.5416507721,235213.,-12.1900119781,235213.,-1.5962367058
235233.,-9.7987184525,235233.,-13.9316177368,235233.,-1.2447882891
235253.,-9.7411785126,235253.,-16.5772037506,235253.,-1.0530669689
235273.,-10.3437528610,235273.,-18.9817276001,235273.,-1.3477016687
235293.,-10.7831230164,235293.,-20.9573020935,235293.,-1.4711800814
235313.,-11.3019208908,235313.,-23.1755199432,235313.,-1.5082019567
235333.,-12.0061321259,235333.,-25.3197326660,235333.,-1.5640138388
235353.,-12.5612382889,235353.,-27.4073448181,235353.,-1.3669890165
235373.,-13.3346347809,235373.,-29.7171382904,235373.,-1.2561309338
235393.,-14.0422325134,235393.,-32.0366859436,235393.,-1.4242833853
235413.,-14.7797346115,235413.,-33.7377052307,235413.,-1.3749660254
235433.,-15.0561227798,235433.,-36.1016578674,235433.,-1.2996308804
235453.,-15.5386524200,235453.,-37.8748207092,235453.,-1.5130493641
235473.,-15.2596378326,235473.,-39.4510650635,235473.,-1.3787785769
235493.,-15.4769353867,235493.,-41.2884559631,235493.,-1.9120745659
235513.,-14.9693965912,235513.,-43.0946121216,235513.,-1.7073471546
235533.,-14.1858968735,235533.,-44.2795677185,235533.,-1.9814727306
235553.,-13.3348588943,235553.,-45.6732597351,235553.,-1.7938765287
235573.,-12.6578788757,235573.,-46.8986167908,235573.,-1.8180818558
235593.,-11.8317489624,235593.,-47.3117790222,235593.,-1.8395657539
235613.,-11.0263557434,235613.,-48.7063217163,235613.,-1.7611031532
235633.,-10.664680481,235633.,-48.6794395447,235633.,-1.8209083080
235653.,-10.0476350784,235653.,-49.5032348633,235653.,-1.9034109116
235673.,-9.8258714676,235673.,-50.0174140930,235673.,-1.7897238731
235693.,-10.1481609344,235693.,-50.0669403076,235693.,-1.8092371225
235713.,-10.6209859848,235713.,-49.8248825073,235713.,-1.7716690302
235733.,-10.7123231888,235733.,-49.8674163818,235733.,-1.8210996389
235753.,-11.7192430496,235753.,-49.1151199341,235753.,-1.6864945889
235773.,-12.0165481567,235773.,-48.5160675049,235773.,-2.0413100719
235793.,-12.8829088211,235793.,-47.6196365356,235793.,-1.3232120275
235813.,-13.6126871109,235813.,-47.2004890442,235813.,-1.5124738216
235833.,-14.60359478,235833.,-45.8728713989,235833.,-1.9443848133
235853.,-14.9086742401,235853.,-45.0153617859,235853.,-1.6859390736
235873.,-15.4066581726,235873.,-43.7061843872,235873.,-1.5414242744
235893.,-15.2465457916,235893.,-41.6877288818,235893.,-2.0619726181
235913.,-15.1951484680,235913.,-40.2360305786,235913.,-1.7530289888
235933.,-14.5775108337,235933.,-38.5508117676,235933.,-1.4276560545
235953.,-14.0523967743,235953.,-36.6003608704,235953.,-1.6667138338
235973.,-13.4663639069,235973.,-35.1770553589,235973.,-1.7508805990
235993.,-12.622376442,235993.,-33.1693687439,235993.,-1.4795030355
236013.,-11.774181366,236013.,-30.7894573212,236013.,-1.6848390102
236033.,-11.0011758804,236033.,-28.8569831848,236033.,-1.3556514978
236053.,-10.1566009521,236053.,-26.3424186707,236053.,-1.5522304773
236073.,-9.8262939453,236073.,-24.4624576569,236073.,-1.5746606588
236093.,-9.7407588959,236093.,-21.7899913788,236093.,-1.5917114019
236113.,-9.6720809937,236113.,-19.2493286133,236113.,-1.5252792835
236133.,-9.7776479721,236133.,-17.2040710449,236133.,-1.1527444124
236153.,-9.9556541443,236153.,-15.116809845,236153.,-0.8349704742
236173.,-10.5949678421,236173.,-12.8276681900,236173.,-1.4853454828
236193.,-11.0029640198,236193.,-10.8309965134,236193.,-1.3411146402
236213.,-12.1849775314,236213.,-8.6939640045,236213.,-1.2436536551
236233.,-12.6700096130,236233.,-6.7673258781,236233.,-1.4892641306
236253.,-13.5241508484,236253.,-4.6625552177,236253.,-1.4324688911
236273.,-14.0919752121,236273.,-3.1261937618,236273.,-1.1840673685
236293.,-14.1893863678,236293.,-1.4090595245,236293.,-1.0681821108
236313.,-14.5684556961,236313.,0.3915016353,236313.,-1.1783983707
236333.,-14.9533023834,236333.,2.4492945671,236333.,-1.4529473782
236353.,-14.2515535355,236353.,3.4401967525,236353.,-1.1422166824
236373.,-14.1911764145,236373.,4.0531439781,236373.,-0.9628450274
236393.,-13.4523687363,236393.,5.7657866478,236393.,-1.2253050804
236413.,-12.9828414917,236413.,6.7086863518,236413.,-1.3185781240
236433.,-12.1164388657,236433.,7.3358006477,236433.,-0.8973430395
236453.,-11.5506401062,236453.,7.4271321297,236453.,-1.0019924641
236473.,-10.8364105225,236473.,8.712556839,236473.,-1.3344011307
236493.,-9.8280029297,236493.,8.2385110855,236493.,-1.0898010731
236513.,-9.8701820374,236513.,8.8861904144,236513.,-1.0154325962
236533.,-9.5521478653,236533.,8.6320934296,236533.,-1.0598070621
236553.,-9.672826767,236553.,8.5415697098,236553.,-0.9846014977
236573.,-9.9887847900,236573.,8.0673456192,236573.,-1.1030859947
236593.,-10.5875444412,236593.,7.7266325951,236593.,-1.2361239195
236613.,-11.0270643234,236613.,6.7159690857,236613.,-1.0817410946
236633.,-11.9192447662,236633.,5.9197144508,236633.,-1.0187296867
236653.,-12.535238266,236653.,4.7742519379,236653.,-1.104618907
236673.,-13.3639450073,236673.,3.9910137653,236673.,-1.1736027002
236693.,-14.1821813583,236693.,2.1731684208,236693.,-1.3221056461
236713.,-14.7033185959,236713.,0.4505529106,236713.,-1.3204367161
236733.,-14.5982093811,236733.,-1.0108685493,236733.,-1.0783207417
236753.,-14.9234628677,236753.,-2.6990768909,236753.,-1.2811671495
236773.,-14.9238624573,236773.,-4.553021431,236773.,-1.2950370312
236793.,-14.6823825836,236793.,-6.2021574974,236793.,-0.9716814756
236813.,-14.3487844467,236813.,-8.3831796646,236813.,-0.9458839893
236833.,-13.5314998627,236833.,-10.0497264862,236833.,-1.1554707289
236853.,-12.8162097931,236853.,-12.3785486221,236853.,-1.1512862444
236873.,-12.0369119644,236873.,-14.9264087677,236873.,-1.5891426802
236893.,-11.5194330215,236893.,-16.5084495544,236893.,-1.4364565611
236913.,-10.539018631,236913.,-19.0632972717,236913.,-1.2095735073
236933.,-10.6425771713,236933.,-21.3981971741,236933.,-1.2428708076
236953.,-9.8952951431,236953.,-23.6988353729,236953.,-1.5803027153
236973.,-10.0721921921,236973.,-25.6182746887,236973.,-1.7098757029
236993.,-10.0921726227,236993.,-28.0357418060,236993.,-1.0898257494
237013.,-10.4695863724,237013.,-29.9942321777,237013.,-1.1707475185
237033.,-10.783036232,237033.,-31.9824790955,237033.,-1.0887984037
237053.,-11.9682044983,237053.,-34.0284385681,237053.,-1.5683367252
237073.,-12.6773262024,237073.,-36.0953826904,237073.,-1.6499122381
237093.,-13.3134145737,237093.,-38.2015914917,237093.,-1.5628852844
237113.,-14.0955152512,237113.,-40.0622215271,237113.,-1.5220433474
237133.,-14.6412763596,237133.,-41.3307456970,237133.,-1.6005591154
237153.,-14.8864240646,237153.,-42.4263229370,237153.,-1.6844369173
237173.,-14.9250574112,237173.,-44.2654495239,237173.,-1.7575063705
237193.,-15.2839279175,237193.,-45.5275802612,237193.,-1.5576548576
237213.,-15.2817916870,237213.,-46.5521469116,237213.,-1.7120665312
237233.,-14.6686086655,237233.,-47.5569725037,237233.,-1.7030886412
237253.,-14.2910251617,237253.,-47.9407615662,237253.,-1.7709665298
237273.,-13.3984279633,237273.,-48.8211479187,237273.,-1.7594189644
237293.,-12.6392412186,237293.,-49.1785964966,237293.,-1.8800046444
237313.,-12.2511720657,237313.,-49.9032630920,237313.,-1.9661513567
237333.,-11.5350494385,237333.,-49.6749649048,237333.,-1.6886415482
237353.,-10.6899175644,237353.,-49.2504463196,237353.,-1.8335180283
237373.,-10.8409671783,237373.,-49.2265129089,237373.,-1.9711401463
237393.,-10.4106550217,237393.,-48.678314209,237393.,-1.8020336628
237413.,-10.5530204773,237413.,-47.6972274780,237413.,-1.7391626835
237433.,-10.3088121414,237433.,-47.578289032,237433.,-1.6635338068
237453.,-10.8915290833,237453.,-46.1535148621,237453.,-1.6820075512
237473.,-11.7696971893,237473.,-45.5638008118,237473.,-1.5934216976
237493.,-12.381896019,237493.,-44.3975868225,237493.,-1.4835708141
237513.,-13.1012210846,237513.,-42.7859268188,237513.,-1.7749733925
237533.,-13.8593988419,237533.,-41.2722778320,237533.,-1.5443744659
237553.,-14.1795692444,237553.,-39.8448905945,237553.,-1.1770560741
237573.,-14.6258945465,237573.,-37.8875770569,237573.,-1.5212076902
237593.,-15.1148748398,237593.,-36.0583038330,237593.,-1.5159374475
237613.,-15.4290971756,237613.,-34.5755767822,237613.,-1.5089889765
237633.,-15.1969614029,237633.,-31.962305069,237633.,-1.7194187641
237653.,-14.6266708374,237653.,-30.2630672455,237653.,-1.9572134018
237673.,-14.1845197678,237673.,-28.1257152557,237673.,-1.3445396423
237693.,-13.6336259842,237693.,-25.9567852020,237693.,-1.151616931
237713.,-12.7396154404,237713.,-24.1038475037,237713.,-1.3838254213
237733.,-12.270816803,237733.,-21.9889316559,237733.,-1.6605091095
237753.,-11.1672267914,237753.,-19.3735790253,237753.,-1.5212590694
237773.,-10.6730480194,237773.,-17.5697364807,237773.,-1.1575778723
237793.,-10.1273736954,237793.,-14.7101287842,237793.,-1.3793640137
237813.,-9.9898166656,237813.,-12.9650058746,237813.,-1.2811301947
237833.,-9.9443826675,237833.,-10.6410627365,237833.,-1.1891946793
237853.,-10.1554422379,237853.,-8.5651397705,237853.,-1.245826602
237873.,-10.3867998123,237873.,-6.6334829330,237873.,-1.3367879391
237893.,-10.4937992096,237893.,-4.6017541885,237893.,-1.3675825596
237913.,-11.1871433258,237913.,-2.5630676746,237913.,-1.2572387457
237933.,-12.4076986313,237933.,-1.5012230873,237933.,-1.3573403358
237953.,-12.6804256439,237953.,0.0644228235,237953.,-1.0522751808
237973.,-13.5139436722,237973.,1.4725146294,237973.,-1.1971740723
237993.,-14.0047492981,237993.,3.4368724823,237993.,-1.1781084538
238013.,-14.3599567413,238013.,4.7009825706,238013.,-1.4429317713
238033.,-14.5028142929,238033.,5.6558179855,238033.,-1.0605722666
238053.,-14.6008405685,238053.,6.7431287766,238053.,-1.3416833878
238073.,-14.6277971268,238073.,7.1457481384,238073.,-0.9570756555
238093.,-14.0215501785,238093.,7.6513724327,238093.,-1.3542565107
238113.,-13.4726467133,238113.,8.2671003342,238113.,-1.2821438313
238133.,-12.8242397308,238133.,8.1986122131,238133.,-0.9928104877
238153.,-12.2329225540,238153.,8.6635351181,238153.,-1.0271533728
238173.,-11.6880235672,238173.,8.2276458740,238173.,-1.2302871943
238193.,-10.8305711746,238193.,8.2527961731,238193.,-1.0088188648
238213.,-10.1590967178,238213.,7.6213130951,238213.,-1.1999220848
238233.,-10.0368862152,238233.,6.645629406,238233.,-1.2732497454
238253.,-9.7883310318,238253.,6.556306839,238253.,-1.0057840347
238273.,-9.8660869598,238273.,5.4517874718,238273.,-1.3219023943
238293.,-10.0315561295,238293.,4.1849288940,238293.,-1.2356442213
238313.,-10.5757303238,238313.,3.2691943645,238313.,-0.8370786309
238333.,-10.9257593155,238333.,2.2309572697,238333.,-1.5176165104
238353.,-11.7007751465,238353.,0.1606969684,238353.,-1.2326889038
238373.,-12.3182363510,238373.,-1.1777458191,238373.,-1.1056118011
238393.,-13.3223485947,238393.,-3.4048826694,238393.,-1.1437332630
238413.,-13.6659908295,238413.,-4.6284632683,238413.,-1.4180846214
238433.,-14.4600219727,238433.,-6.8852767944,238433.,-1.2514555454
238453.,-14.7573595047,238453.,-8.7688446045,238453.,-1.3100659847
238473.,-14.7992086411,238473.,-10.6406917572,238473.,-0.9364461303
238493.,-14.4838867188,238493.,-12.9891853333,238493.,-1.3124860525
238513.,-14.4181976318,238513.,-14.8965873718,238513.,-1.340644002
238533.,-13.8304891586,238533.,-17.1750774384,238533.,-1.2902709246
238553.,-13.0988044739,238553.,-19.5014343262,238553.,-1.3560668230
238573.,-12.7069702148,238573.,-21.5571250916,238573.,-1.2374039888
238593.,-12.1649341583,238593.,-23.9709949493,238593.,-2.044793129
238613.,-11.3501186371,238613.,-25.9990825653,238613.,-1.6904438734
238633.,-10.7346200943,238633.,-28.2707939148,238633.,-1.4589196444
238653.,-10.0632333755,238653.,-30.6298446655,238653.,-1.3779512644
238673.,-10.0175418854,238673.,-32.0287399292,238673.,-1.6506717205
238693.,-9.9136199951,238693.,-34.3936882019,238693.,-1.2339532375
238713.,-10.0253772736,238713.,-35.9314346313,238713.,-1.8018283844
238733.,-10.3609895706,238733.,-37.9083023071,238733.,-1.3795884848
238753.,-10.8833932877,238753.,-39.5666160583,238753.,-1.6724816561
238773.,-11.2980813980,238773.,-41.3562049866,238773.,-1.3796497583
238793.,-12.1319828033,238793.,-42.1872291565,238793.,-1.1513727903
238813.,-13.1482162476,238813.,-44.1864051819,238813.,-1.5451692343
238833.,-13.4450311661,238833.,-45.1944084167,238833.,-1.5872811079
238853.,-14.3889398575,238853.,-46.5869216919,238853.,-1.5827265978
238873.,-14.6718645096,238873.,-47.3733062744,238873.,-1.8695683479
238893.,-15.1046762466,238893.,-48.3956604004,238893.,-1.5230453014
238913.,-15.0786428452,238913.,-48.6923217773,238913.,-1.9164942503
238933.,-14.6339645386,238933.,-48.7663574219,238933.,-1.5494425297
238953.,-14.8141641617,238953.,-49.2094573975,238953.,-1.6301248074
238973.,-14.1292428970,238973.,-49.5244827271,238973.,-1.9718967676
238993.,-13.3135929108,238993.,-48.8195686340,238993.,-1.5626782179
239013.,-12.8495740891,239013.,-48.8405723572,239013.,-1.4196771383
239033.,-12.0402717590,239033.,-47.9153976440,239033.,-1.5836706161
239053.,-11.5056972504,239053.,-47.4878997803,239053.,-2.2130584717
239073.,-11.1480493546,239073.,-46.9498100281,239073.,-1.6309303045
239093.,-10.7236852646,239093.,-46.0954780579,239093.,-1.6093491316
239113.,-10.5411729813,239113.,-45.2877502441,239113.,-1.7533687353
239133.,-10.7409906387,239133.,-44.1667366028,239133.,-2.1095852852
239153.,-10.7173252106,239153.,-42.0168685913,239153.,-1.6078119278
239173.,-11.1278057098,239173.,-40.6681632996,239173.,-1.2924263477
239193.,-11.6777057648,239193.,-39.315486908,239193.,-1.8135434389
239213.,-12.4053230286,239213.,-37.4030990601,239213.,-1.511651516
239233.,-13.0563669205,239233.,-35.8245887756,239233.,-1.5691179037
239253.,-13.9641876221,239253.,-33.6311836243,239253.,-1.9032139778
239273.,-14.0190057755,239273.,-32.0566291809,239273.,-1.2086195946
239293.,-14.8363733292,239293.,-30.110370636,239293.,-1.6447290182
239313.,-14.9858713150,239313.,-27.5847415924,239313.,-1.5082921982
239333.,-15.2707872391,239333.,-25.7115116119,239333.,-1.7670084238
239353.,-14.9272842407,239353.,-23.5044059753,239353.,-1.3089202642
239373.,-14.7485752106,239373.,-21.5179901123,239373.,-1.4172222614
239393.,-14.6013813019,239393.,-19.0344028473,239393.,-1.0565009117
239413.,-13.8819656372,239413.,-16.9738426208,239413.,-1.2572352886
239433.,-13.2269659042,239433.,-14.6783075333,239433.,-0.9515979886
239453.,-12.6381235123,239453.,-12.4324531555,239453.,-1.5649896860
239473.,-11.6688604355,239473.,-10.5357475281,239473.,-1.2958962917
239493.,-11.1678609848,239493.,-8.4663476944,239493.,-1.3638699055
239513.,-10.8665361404,239513.,-6.3822078705,239513.,-1.0021290779
239533.,-10.5761480331,239533.,-4.2743692398,239533.,-1.0123635530
239553.,-10.2535409927,239553.,-2.5511553288,239553.,-1.1022897959
239573.,-10.5059757233,239573.,-1.378620863,239573.,-1.0850554705
239593.,-10.8746023178,239593.,0.2202222943,239593.,-1.0814278126
239613.,-10.9649095535,239613.,1.8172291517,239613.,-1.5058406591
239633.,-11.9053964615,239633.,3.1602110863,239633.,-1.4030603170
239653.,-12.1924362183,239653.,4.4198470116,239653.,-1.1197834015
239673.,-12.614025116,239673.,5.0550479889,239673.,-1.4180110693
239693.,-13.7969503403,239693.,6.0771479607,239693.,-1.2528889179
239713.,-13.9646339417,239713.,6.9869995117,239713.,-1.1126828194
239733.,-14.3907957077,239733.,7.2088208199,239733.,-1.1174948215
239753.,-14.5630006790,239753.,7.9970326424,239753.,-0.9618992209
239773.,-14.6859760284,239773.,7.8164792061,239773.,-1.4658428431
239793.,-14.5336732864,239793.,7.9166517258,239793.,-0.9096490741
239813.,-14.2936515808,239813.,8.2446908951,239813.,-1.2290990353
239833.,-13.6049175262,239833.,7.6006736755,239833.,-0.7747660875
239853.,-13.1870107651,239853.,7.3474826813,239853.,-1.3992356062
239873.,-12.5471696854,239873.,6.8142762184,239873.,-1.1489069462
239893.,-11.9238653183,239893.,5.6883935928,239893.,-1.0147179365
239913.,-11.1942796707,239913.,5.0519585609,239913.,-0.9824151397
239933.,-10.2434406281,239933.,4.0978326797,239933.,-1.1513469219
239953.,-10.2650222778,239953.,2.7264904976,239953.,-0.9500848651
239973.,-10.1431751251,239973.,1.3314894438,239973.,-1.0883271694
239993.,-10.0139436722,239993.,0.0556808114,239993.,-1.4898660183
240013.,-9.8607826233,240013.,-2.1469666958,240013.,-1.3134942055
240033.,-10.4605560303,240033.,-3.2105724812,240033.,-1.3918066025
240053.,-10.9770212173,240053.,-5.4281973839,240053.,-1.1684043407
240073.,-11.4797954559,240073.,-7.028506279,240073.,-1.3722358942
240093.,-11.8920125961,240093.,-9.1288881302,240093.,-1.2423322201
240113.,-12.8477087021,240113.,-11.2118015289,240113.,-1.3848085403
240133.,-13.5884113312,240133.,-13.4253473282,240133.,-1.1906888485
240153.,-13.9870004654,240153.,-15.3892192841,240153.,-1.325627327
240173.,-14.2425966263,240173.,-18.0227470398,240173.,-1.0991600752
240193.,-14.5556135178,240193.,-20.1131458282,240193.,-1.0184583664
240213.,-14.4868497849,240213.,-21.6601886749,240213.,-1.2982391119
240233.,-14.3846101761,240233.,-24.4609031677,240233.,-1.429345727
240253.,-13.5582113266,240253.,-26.4525737762,240253.,-1.4678504467
240273.,-13.2970876694,240273.,-28.97448349,240273.,-1.3115918636
240293.,-12.7955322266,240293.,-30.6282043457,240293.,-1.2488815784
240313.,-12.0022029877,240313.,-32.6783561707,240313.,-1.7442823648
240333.,-11.2035465240,240333.,-34.7595100403,240333.,-1.8674341440
240353.,-10.77734375,240353.,-36.5168800354,240353.,-1.7776454687
240373.,-10.2456617355,240373.,-38.4235916138,240373.,-1.6098351479
240393.,-10.0834293365,240393.,-39.6895294189,240393.,-1.685544014
240413.,-9.8881721497,240413.,-41.3529891968,240413.,-1.7039858103
240433.,-9.9253444672,240433.,-42.3591423035,240433.,-1.6299315691
240453.,-10.0313425064,240453.,-43.9433174133,240453.,-1.4004075527
240473.,-10.6740274429,240473.,-45.0263481140,240473.,-1.5784516335
240493.,-11.1501760483,240493.,-46.2446823120,240493.,-1.8098427057
240513.,-11.6082534790,240513.,-46.967830658,240513.,-1.4985467196
240533.,-12.9010696411,240533.,-47.8790206909,240533.,-1.7737978697
240553.,-13.1187448502,240553.,-47.9458541870,240553.,-1.7339155674
240573.,-14.0771207809,240573.,-48.9023704529,240573.,-1.647808075
240593.,-13.8744497299,240593.,-48.6405143738,240593.,-1.6106694937
240613.,-14.3563175201,240613.,-48.8707466125,240613.,-1.6183526516
240633.,-14.6262512207,240633.,-48.7960014343,240633.,-1.3433433771
240653.,-14.5425806046,240653.,-48.3759994507,240653.,-1.6303943396
240673.,-14.2284660339,240673.,-47.9794845581,240673.,-1.7838735580
240693.,-13.7891025543,240693.,-47.3005218506,240693.,-1.8838458061
240713.,-13.4299697876,240713.,-47.0743522644,240713.,-2.1821200848
240733.,-12.5231275558,240733.,-45.6143875122,240733.,-2.0043385029
240753.,-12.1160907745,240753.,-44.0999069214,240753.,-1.7210845947
240773.,-11.6481323242,240773.,-42.9350700378,240773.,-1.6101338863
240793.,-11.2067203522,240793.,-42.1633300781,240793.,-1.7544364929
240813.,-10.8576822281,240813.,-40.3316001892,240813.,-1.4947185516
240833.,-10.5610895157,240833.,-38.7799720764,240833.,-1.7354556322
240853.,-10.5992069244,240853.,-36.9694366455,240853.,-1.715862155
240873.,-10.9711151123,240873.,-35.5757904053,240873.,-1.6378113031
240893.,-11.0977964401,240893.,-33.1630401611,240893.,-1.1680511236
240913.,-11.5434017181,240913.,-31.3245582581,240913.,-1.4812251329
240933.,-12.0616950989,240933.,-29.1493740082,240933.,-1.2672678232
240953.,-12.974187851,240953.,-27.1261672974,240953.,-1.3345518112
240973.,-13.4566364288,240973.,-25.4665489197,240973.,-1.6548660994
240993.,-14.0673379898,240993.,-23.0236282349,240993.,-1.3386619091
241013.,-14.6002845764,241013.,-20.4817333221,241013.,-1.192699194
241033.,-14.6526098251,241033.,-18.5816059113,241033.,-1.3113938570
241053.,-14.5938510895,241053.,-16.5678043365,241053.,-0.8850231767
241073.,-15.2246255875,241073.,-14.5539226532,241073.,-1.023439765
241093.,-14.6789741516,241093.,-12.1907396317,241093.,-1.2349148989
241113.,-14.5937137604,241113.,-10.3830461502,241113.,-0.9816411734
241133.,-13.9538154602,241133.,-8.3118724823,241133.,-1.4665904045
241153.,-13.7089166641,241153.,-6.2307920456,241153.,-1.5134702921
241173.,-12.5409126282,241173.,-4.5305738449,241173.,-0.9956983328
241193.,-12.2066230774,241193.,-2.5980367661,241193.,-1.4940319061
241213.,-11.6794366837,241213.,-1.0072138309,241213.,-1.3036538363
241233.,-11.4315395355,241233.,0.2128451169,241233.,-0.9005929232
241253.,-10.8630094528,241253.,1.6803697348,241253.,-0.8986709714
241273.,-10.4868545532,241273.,2.7354879379,241273.,-1.0827845335
241293.,-10.9234418869,241293.,4.3897981644,241293.,-1.2677665949
241313.,-11.2705802917,241313.,5.3254551888,241313.,-0.7256540060
241333.,-11.5181283951,241333.,6.2538514137,241333.,-1.3124585152
241353.,-11.803396225,241353.,6.4795885086,241353.,-1.261995554
241373.,-12.5573558807,241373.,7.1333031654,241373.,-1.1182938814
241393.,-13.2597684860,241393.,6.5655131340,241393.,-0.9840624332
241413.,-13.7780895233,241413.,7.766535759,241413.,-1.185944438
241433.,-13.9582614899,241433.,7.5900979042,241433.,-1.4793698788
241453.,-14.2915210724,241453.,7.4099264145,241453.,-0.7220296264
241473.,-14.8058099747,241473.,7.2623009682,241473.,-1.1436517239
241493.,-14.9776391983,241493.,6.7860808372,241493.,-1.0492656231
241513.,-14.4285058975,241513.,5.8930521011,241513.,-1.0513842106
241533.,-14.3025321960,241533.,5.5705208778,241533.,-0.905494988
241553.,-14.0244092941,241553.,4.5826716423,241553.,-1.2298144102
241573.,-13.0610303879,241573.,3.4328217506,241573.,-0.9422263503
241593.,-12.7991199493,241593.,1.8850431442,241593.,-1.2166705132
241613.,-12.1511545181,241613.,0.5162415504,241613.,-1.3609826565
241633.,-11.7122974396,241633.,-1.0640898943,241633.,-1.4206736088
241653.,-10.9918527603,241653.,-2.2623429298,241653.,-1.6138494015
241673.,-10.8472499847,241673.,-3.8960723877,241673.,-1.0517671108
241693.,-10.6104431152,241693.,-5.9517207146,241693.,-1.336704731
241713.,-10.4217844009,241713.,-7.9362215996,241713.,-1.4614864588
241733.,-10.5879230499,241733.,-10.0055398941,241733.,-1.4497481585
241753.,-10.8933115005,241753.,-11.9264335632,241753.,-1.4169713259
241773.,-11.2838020325,241773.,-13.7152090073,241773.,-1.4824758768
241793.,-11.6493234634,241793.,-15.8996906281,241793.,-1.3627656698
241813.,-12.2437200546,241813.,-17.7689857483,241813.,-1.3796874285
241833.,-12.5124425888,241833.,-20.618806839,241833.,-1.270493269
241853.,-13.6922302246,241853.,-22.1825294495,241853.,-1.5572339296
241873.,-14.1422348022,241873.,-24.8520526886,241873.,-1.1299585104
241893.,-13.8478631973,241893.,-26.6679573059,241893.,-1.3521214724
241913.,-13.9184789658,241913.,-28.9502391815,241913.,-1.7472307682
241933.,-14.5141859055,241933.,-30.6540756226,241933.,-1.4464540482
241953.,-14.1695871353,241953.,-32.4745788574,241953.,-1.6278178692
241973.,-13.5547189713,241973.,-34.8031501770,241973.,-1.5824530125
241993.,-13.1381473541,241993.,-36.8825683594,241993.,-1.3481621742
242013.,-12.6620349884,242013.,-37.6657409668,242013.,-1.6563336849
242033.,-11.9932088852,242033.,-39.5706443787,242033.,-1.7246774435
242053.,-11.3827505112,242053.,-40.8783416748,242053.,-1.9263656139
242073.,-10.7860059738,242073.,-42.6615219116,242073.,-1.8630702496
242093.,-10.2484436035,242093.,-44.0901222229,242093.,-1.8246107101
242113.,-10.1212387085,242113.,-44.8503799438,242113.,-1.5086838007
242133.,-9.8521289825,242133.,-46.2523117065,242133.,-2.0725221634
242153.,-9.8453626633,242153.,-46.8157081604,242153.,-1.7265709639
242173.,-10.2932767868,242173.,-46.9043922424,242173.,-1.6276468039
242193.,-10.7589912415,242193.,-47.9510154724,242193.,-1.7591971159
242213.,-11.2805223465,242213.,-48.3286972046,242213.,-1.8002318144
242233.,-11.4306459427,242233.,-48.6109733582,242233.,-1.4392845631
242253.,-12.3025999069,242253.,-48.3400306702,242253.,-1.5465500355
242273.,-13.0586042404,242273.,-48.1260681152,242273.,-1.4453011751
242293.,-13.3449249268,242293.,-48.2196083069,242293.,-1.7078284025
242313.,-13.8993492126,242313.,-47.2244758606,242313.,-1.7977557182
242333.,-14.4540662766,242333.,-46.9162521362,242333.,-1.8301599026
242353.,-14.1544790268,242353.,-46.1120948792,242353.,-2.0737576485
242373.,-14.3331279755,242373.,-45.0499191284,242373.,-1.8821685314
242393.,-13.7273979187,242393.,-43.6181144714,242393.,-1.2631188631
242413.,-13.4962625504,242413.,-42.9004440308,242413.,-1.6461908817
242433.,-13.0300245285,242433.,-41.3879051208,242433.,-1.5375704765
242453.,-12.6235733032,242453.,-39.8544654846,242453.,-1.9319255352
242473.,-11.8576278687,242473.,-38.3736457825,242473.,-1.6222076416
